<?xml version="1.0" encoding="UTF-8"?>
<project-private xmlns="http://www.netbeans.org/ns/project-private/1">
    <editor-bookmarks xmlns="http://www.netbeans.org/ns/editor-bookmarks/2" lastBookmarkId="0"/>
    <open-files xmlns="http://www.netbeans.org/ns/projectui-open-files/2">
        <group>
            <file>file:/C:/Users/dadre/OneDrive/Escritorio/Intro.%20Progra/SEMANA%206/Avance%20Proyeecto%20grupo02-Clase%20'Deportista'/src/avance/proyecto/grupo02/clase/deportista/Deportista.java</file>
            <file>file:/C:/Users/dadre/OneDrive/Escritorio/Intro.%20Progra/SEMANA%206/Avance%20Proyeecto%20grupo02-Clase%20'Deportista'/src/avance/proyecto/grupo02/clase/deportista/AvanceProyeectoGrupo02ClaseDeportista.java</file>
        </group>
    </open-files>
</project-private>
